# Sample size, Mean, Margin
11.000000,5.088111,0.796996
22.000000,3.869842,0.482764
33.000000,2.540787,0.151888
44.000000,2.271485,0.162277
55.000000,1.994426,0.150461
