# Sample size, Mean, Margin
9.000000,17.873526,1.853832
18.000000,10.242969,1.151955
27.000000,8.247392,0.754602
36.000000,6.965782,0.387267
45.000000,6.293751,0.444589
