# Sample size, Mean, Margin
26.000000,7.247102,4.207990
52.000000,2.070450,0.319778
78.000000,1.725342,0.121827
104.000000,1.666283,0.121610
130.000000,1.608397,0.086917
