# Sample size, Mean, Margin
261.000000,9.385880,0.372740
736.000000,5.059587,0.346405
528.000000,6.377719,0.435331
1281.000000,3.754316,0.263339
