# Sample size, Mean, Margin
18.000000,138.330610,55.552985
36.000000,16.765228,2.252384
54.000000,13.095580,3.392614
72.000000,6.947294,1.114474
90.000000,5.819250,1.334821
