# Sample size, Mean, Margin
16.000000,10.426957,2.277502
32.000000,3.613552,0.536013
48.000000,2.130343,0.311626
64.000000,1.488034,0.376537
80.000000,0.874461,0.114796
