# Sample size, Mean, Margin
2060.000000,15.830062,1.252624
2295.000000,19.246585,6.034596
2499.000000,16.729629,1.131590
3261.000000,15.644668,1.176229
