# Sample size, Mean, Margin
49.000000,15.726295,0.897831
78.000000,13.671273,0.823612
240.000000,8.186110,0.338603
375.000000,7.190903,0.169814
