# Sample size, Mean, Margin
77.000000,6.760056,0.872661
173.000000,3.602440,0.204499
384.000000,2.532132,0.130897
480.000000,2.241391,0.106659
