# Sample size, Mean, Margin
423.000000,24.760503,2.419682
534.000000,22.982830,2.774453
855.000000,21.827525,7.072519
2571.000000,16.482821,6.589066
