# Sample size, Mean, Margin
39.000000,5.044978,0.319504
78.000000,4.634934,0.132957
117.000000,4.479713,0.081965
156.000000,4.402014,0.142985
195.000000,4.274462,0.133104
